{"cameraMode":{"drawMode":0,"name":"Shaded","section":"Shading Mode"},"sceneLighting":false,"audioPlay":false,"sceneViewState":{"showFog":true,"showMaterialUpdate":false,"showSkybox":false,"showFlares":true,"showImageEffects":true,"showParticleSystems":true},"in2DMode":false,"pivot":{"x":-12.338446617126465,"y":-2.7065200805664064,"z":13.646385192871094},"rotation":{"x":-0.07194261997938156,"y":0.3746086061000824,"z":-0.02916983887553215,"w":-0.9239285588264465},"size":10.0,"orthographic":false}