{"cameraMode":{"drawMode":0,"name":"Shaded","section":"Shading Mode"},"sceneLighting":false,"audioPlay":false,"sceneViewState":{"showFog":true,"showMaterialUpdate":false,"showSkybox":false,"showFlares":true,"showImageEffects":true,"showParticleSystems":true},"in2DMode":false,"pivot":{"x":0.00028884410858154297,"y":1.0376560688018799,"z":-7.0},"rotation":{"x":-0.13305316865444184,"y":0.8544300198554993,"z":-0.2674078941345215,"w":-0.4251360595226288},"size":1.0380196571350098,"orthographic":false}