{"cameraMode":{"drawMode":0,"name":"Shaded","section":"Shading Mode"},"sceneLighting":false,"audioPlay":false,"sceneViewState":{"showFog":true,"showMaterialUpdate":false,"showSkybox":false,"showFlares":true,"showImageEffects":true,"showParticleSystems":true},"in2DMode":false,"pivot":{"x":-31.1997127532959,"y":0.7876560688018799,"z":16.200000762939454},"rotation":{"x":-0.13305316865444184,"y":0.8544300198554993,"z":-0.2674078941345215,"w":-0.4251360595226288},"size":1.0380191802978516,"orthographic":false}